Time,Average,Year,Month,Day,YearMonth,Index
2021-03-17,49.08680555555555,2021,3,17,2021-03,1
2021-03-18,49.17939814814815,2021,3,18,2021-03,1
2021-03-19,49.13191206941207,2021,3,19,2021-03,1
2021-03-20,49.06134259259259,2021,3,20,2021-03,1
2021-03-21,52.77662037037036,2021,3,21,2021-03,1
2021-03-22,50.77777777777779,2021,3,22,2021-03,1
2021-03-23,48.8912037037037,2021,3,23,2021-03,1
2021-03-24,48.46875,2021,3,24,2021-03,1
2021-03-25,48.644675925925924,2021,3,25,2021-03,1
2021-03-26,48.538194444444436,2021,3,26,2021-03,1
2021-03-27,48.54861111111111,2021,3,27,2021-03,1
2021-03-28,49.41550925925926,2021,3,28,2021-03,1
2021-03-29,49.512731481481474,2021,3,29,2021-03,1
2021-03-30,48.120370370370374,2021,3,30,2021-03,1
2021-03-31,48.43634259259259,2021,3,31,2021-03,1
2021-04-01,48.52777777777778,2021,4,1,2021-04,2
2021-04-02,48.45601851851851,2021,4,2,2021-04,2
2021-04-03,48.326388888888886,2021,4,3,2021-04,2
2021-04-04,49.243233618233624,2021,4,4,2021-04,2
2021-04-05,50.58796296296297,2021,4,5,2021-04,2
2021-04-06,47.741898148148145,2021,4,6,2021-04,2
2021-04-07,47.98148148148149,2021,4,7,2021-04,2
2021-04-08,48.52893518518518,2021,4,8,2021-04,2
2021-04-09,48.55324074074074,2021,4,9,2021-04,2
2021-04-10,48.47106481481482,2021,4,10,2021-04,2
2021-04-11,48.430555555555564,2021,4,11,2021-04,2
2021-04-12,48.430555555555564,2021,4,12,2021-04,2
2021-04-13,48.71296296296296,2021,4,13,2021-04,2
2021-04-14,51.46990740740741,2021,4,14,2021-04,2
2021-04-15,48.18634259259259,2021,4,15,2021-04,2
2021-04-16,48.02430555555555,2021,4,16,2021-04,2
2021-04-17,49.32175925925926,2021,4,17,2021-04,2
2021-04-18,48.51851851851851,2021,4,18,2021-04,2
2021-04-19,48.262731481481474,2021,4,19,2021-04,2
2021-04-20,48.582175925925924,2021,4,20,2021-04,2
2021-04-21,48.52777777777778,2021,4,21,2021-04,2
2021-04-22,48.46296296296297,2021,4,22,2021-04,2
2021-04-23,48.432870370370374,2021,4,23,2021-04,2
2021-04-24,48.567129629629626,2021,4,24,2021-04,2
2021-04-25,49.02314814814815,2021,4,25,2021-04,2
2021-04-26,48.569444444444436,2021,4,26,2021-04,2
2021-04-27,48.68171296296296,2021,4,27,2021-04,2
2021-04-28,48.675925925925924,2021,4,28,2021-04,2
2021-04-29,49.77893518518518,2021,4,29,2021-04,2
2021-04-30,48.010416666666664,2021,4,30,2021-04,2
2021-05-01,49.776620370370374,2021,5,1,2021-05,3
2021-05-02,48.862268518518526,2021,5,2,2021-05,3
2021-05-03,48.08449074074074,2021,5,3,2021-05,3
2021-05-04,48.43402777777778,2021,5,4,2021-05,3
2021-05-05,49.89930555555555,2021,5,5,2021-05,3
2021-05-06,48.71759259259259,2021,5,6,2021-05,3
2021-05-07,49.43981481481482,2021,5,7,2021-05,3
2021-05-08,48.24305555555555,2021,5,8,2021-05,3
2021-05-09,48.569444444444436,2021,5,9,2021-05,3
2021-05-10,48.75925925925926,2021,5,10,2021-05,3
2021-05-11,48.69560185185185,2021,5,11,2021-05,3
2021-05-12,48.65740740740741,2021,5,12,2021-05,3
2021-05-13,50.20021529396529,2021,5,13,2021-05,3
2021-05-14,48.14814814814815,2021,5,14,2021-05,3
2021-05-15,48.223379629629626,2021,5,15,2021-05,3
2021-05-16,48.93634259259259,2021,5,16,2021-05,3
2021-05-17,49.15393518518519,2021,5,17,2021-05,3
2021-05-18,49.40625,2021,5,18,2021-05,3
2021-05-19,50.550925925925924,2021,5,19,2021-05,3
2021-05-20,49.05324074074074,2021,5,20,2021-05,3
2021-05-21,48.15509259259259,2021,5,21,2021-05,3
2021-05-22,48.97337962962962,2021,5,22,2021-05,3
2021-05-23,48.6886574074074,2021,5,23,2021-05,3
2021-05-24,48.481481481481474,2021,5,24,2021-05,3
2021-05-25,48.39699074074074,2021,5,25,2021-05,3
2021-05-26,48.542824074074076,2021,5,26,2021-05,3
2021-05-27,52.30902777777778,2021,5,27,2021-05,3
2021-05-28,47.81134259259258,2021,5,28,2021-05,3
2021-05-29,47.98726851851851,2021,5,29,2021-05,3
2021-05-30,48.52893518518518,2021,5,30,2021-05,3
2021-05-31,48.98263888888889,2021,5,31,2021-05,3
2021-06-01,48.38078703703704,2021,6,1,2021-06,4
2021-06-02,47.8761574074074,2021,6,2,2021-06,4
2021-06-03,47.986111111111114,2021,6,3,2021-06,4
2021-06-04,49.04050925925926,2021,6,4,2021-06,4
2021-06-05,48.057870370370374,2021,6,5,2021-06,4
2021-06-06,48.52546296296297,2021,6,6,2021-06,4
2021-06-07,48.02314814814815,2021,6,7,2021-06,4
2021-06-08,48.49421296296296,2021,6,8,2021-06,4
2021-06-09,48.5011574074074,2021,6,9,2021-06,4
2021-06-10,48.53703703703704,2021,6,10,2021-06,4
2021-06-11,48.38310185185185,2021,6,11,2021-06,4
2021-06-12,48.43171296296296,2021,6,12,2021-06,4
2021-06-13,48.585648148148145,2021,6,13,2021-06,4
2021-06-14,49.297453703703695,2021,6,14,2021-06,4
2021-06-15,48.88310185185185,2021,6,15,2021-06,4
2021-06-16,48.020833333333336,2021,6,16,2021-06,4
2021-06-17,48.09143518518519,2021,6,17,2021-06,4
2021-06-18,48.43402777777778,2021,6,18,2021-06,4
2021-06-19,50.05902777777778,2021,6,19,2021-06,4
2021-06-20,48.58564814814815,2021,6,20,2021-06,4
2021-06-21,47.83772015022015,2021,6,21,2021-06,4
2021-06-22,47.74074074074074,2021,6,22,2021-06,4
2021-06-23,47.87384259259259,2021,6,23,2021-06,4
2021-06-24,48.03240740740741,2021,6,24,2021-06,4
2021-06-25,47.804398148148145,2021,6,25,2021-06,4
2021-06-26,47.84837962962962,2021,6,26,2021-06,4
2021-06-27,48.46875,2021,6,27,2021-06,4
2021-06-28,48.3125,2021,6,28,2021-06,4
2021-06-29,50.34606481481482,2021,6,29,2021-06,4
2021-06-30,47.64335664335664,2021,6,30,2021-06,4
2021-07-01,50.08564814814815,2021,7,1,2021-07,5
2021-07-02,51.550925925925924,2021,7,2,2021-07,5
2021-07-03,51.43865740740741,2021,7,3,2021-07,5
2021-07-04,49.93981481481482,2021,7,4,2021-07,5
2021-07-05,47.734953703703695,2021,7,5,2021-07,5
2021-07-06,48.02662037037036,2021,7,6,2021-07,5
2021-07-07,47.91841491841492,2021,7,7,2021-07,5
2021-07-08,48.322916666666664,2021,7,8,2021-07,5
2021-07-09,48.010416666666664,2021,7,9,2021-07,5
2021-07-10,47.826388888888886,2021,7,10,2021-07,5
2021-07-11,48.332175925925924,2021,7,11,2021-07,5
2021-07-12,47.756944444444436,2021,7,12,2021-07,5
2021-07-13,48.38760300732131,2021,7,13,2021-07,5
2021-07-14,47.48611111111111,2021,7,14,2021-07,5
2021-07-15,47.30439814814815,2021,7,15,2021-07,5
2021-07-16,47.230324074074076,2021,7,16,2021-07,5
2021-07-17,47.52199074074074,2021,7,17,2021-07,5
2021-07-18,47.75347222222222,2021,7,18,2021-07,5
2021-07-19,47.9212962962963,2021,7,19,2021-07,5
2021-07-20,48.13310185185185,2021,7,20,2021-07,5
2021-07-21,48.37152777777778,2021,7,21,2021-07,5
2021-07-22,48.52777777777778,2021,7,22,2021-07,5
2021-07-23,48.55393680393681,2021,7,23,2021-07,5
2021-07-24,48.55944055944056,2021,7,24,2021-07,5
2021-07-25,48.78703703703704,2021,7,25,2021-07,5
2021-07-26,48.8844266062576,2021,7,26,2021-07,5
2021-07-27,48.762731481481474,2021,7,27,2021-07,5
2021-07-28,48.29050925925926,2021,7,28,2021-07,5
2021-07-29,47.893518518518526,2021,7,29,2021-07,5
2021-07-30,47.91319444444445,2021,7,30,2021-07,5
2021-07-31,47.53263403263403,2021,7,31,2021-07,5
2021-08-01,47.92824074074074,2021,8,1,2021-08,6
2021-08-02,48.02546296296296,2021,8,2,2021-08,6
2021-08-03,47.93171296296296,2021,8,3,2021-08,6
2021-08-04,48.129629629629626,2021,8,4,2021-08,6
2021-08-05,48.555555555555564,2021,8,5,2021-08,6
2021-08-06,48.626675407925404,2021,8,6,2021-08,6
2021-08-07,48.478413605174175,2021,8,7,2021-08,6
2021-08-08,50.351851851851855,2021,8,8,2021-08,6
2021-08-09,47.35258838383839,2021,8,9,2021-08,6
2021-08-10,47.68171296296297,2021,8,10,2021-08,6
2021-08-11,48.06134259259259,2021,8,11,2021-08,6
2021-08-12,48.43865740740741,2021,8,12,2021-08,6
2021-08-13,49.129629629629626,2021,8,13,2021-08,6
2021-08-14,48.58912037037036,2021,8,14,2021-08,6
2021-08-15,52.08564814814815,2021,8,15,2021-08,6
2021-08-16,48.0474537037037,2021,8,16,2021-08,6
2021-08-17,47.27430555555555,2021,8,17,2021-08,6
2021-08-18,46.84027777777777,2021,8,18,2021-08,6
2021-08-19,47.199074074074076,2021,8,19,2021-08,6
2021-08-20,47.445601851851855,2021,8,20,2021-08,6
2021-08-21,47.738425925925924,2021,8,21,2021-08,6
2021-08-22,47.8738425925926,2021,8,22,2021-08,6
2021-08-23,48.423611111111114,2021,8,23,2021-08,6
2021-08-24,47.741898148148145,2021,8,24,2021-08,6
2021-08-25,47.679398148148145,2021,8,25,2021-08,6
2021-08-26,48.47222222222222,2021,8,26,2021-08,6
2021-08-27,48.410879629629626,2021,8,27,2021-08,6
2021-08-28,48.716783216783206,2021,8,28,2021-08,6
2021-08-29,48.854166666666664,2021,8,29,2021-08,6
2021-08-30,49.048611111111114,2021,8,30,2021-08,6
2021-08-31,51.3136574074074,2021,8,31,2021-08,6
2021-09-01,49.60648148148149,2021,9,1,2021-09,7
2021-09-02,54.18634259259259,2021,9,2,2021-09,7
2021-09-03,50.869212962962955,2021,9,3,2021-09,7
2021-09-04,48.64351851851851,2021,9,4,2021-09,7
2021-09-05,48.708333333333336,2021,9,5,2021-09,7
2021-09-06,48.28125,2021,9,6,2021-09,7
2021-09-07,47.50347222222222,2021,9,7,2021-09,7
2021-09-08,47.96853146853147,2021,9,8,2021-09,7
2021-09-09,49.5462962962963,2021,9,9,2021-09,7
2021-09-10,47.875,2021,9,10,2021-09,7
2021-09-11,48.125,2021,9,11,2021-09,7
2021-09-12,48.25925925925926,2021,9,12,2021-09,7
2021-09-13,48.56597222222223,2021,9,13,2021-09,7
2021-09-14,49.48611111111111,2021,9,14,2021-09,7
2021-09-15,48.234953703703695,2021,9,15,2021-09,7
2021-09-16,47.76273148148149,2021,9,16,2021-09,7
2021-09-17,47.793981481481474,2021,9,17,2021-09,7
2021-09-18,48.93981481481482,2021,9,18,2021-09,7
2021-09-19,48.079861111111114,2021,9,19,2021-09,7
2021-09-20,47.916666666666664,2021,9,20,2021-09,7
2021-09-21,48.024305555555564,2021,9,21,2021-09,7
2021-09-22,47.957175925925924,2021,9,22,2021-09,7
2021-09-23,48.204861111111114,2021,9,23,2021-09,7
2021-09-24,48.55555555555555,2021,9,24,2021-09,7
2021-09-25,48.24074074074074,2021,9,25,2021-09,7
2021-09-26,48.519675925925924,2021,9,26,2021-09,7
2021-09-27,48.214120370370374,2021,9,27,2021-09,7
2021-09-28,48.28240740740741,2021,9,28,2021-09,7
2021-09-29,48.36226851851851,2021,9,29,2021-09,7
2021-09-30,48.702546296296305,2021,9,30,2021-09,7
2021-10-01,49.664351851851855,2021,10,1,2021-10,8
2021-10-02,47.651620370370374,2021,10,2,2021-10,8
2021-10-03,47.839120370370374,2021,10,3,2021-10,8
2021-10-04,47.75925925925926,2021,10,4,2021-10,8
2021-10-05,47.80787037037036,2021,10,5,2021-10,8
2021-10-06,48.32175925925926,2021,10,6,2021-10,8
2021-10-07,48.238425925925924,2021,10,7,2021-10,8
2021-10-08,48.244212962962955,2021,10,8,2021-10,8
2021-10-09,48.17824074074074,2021,10,9,2021-10,8
2021-10-10,48.29398148148149,2021,10,10,2021-10,8
2021-10-11,47.99768518518518,2021,10,11,2021-10,8
2021-10-12,48.74189814814815,2021,10,12,2021-10,8
2021-10-13,52.200231481481495,2021,10,13,2021-10,8
2021-10-14,48.57754629629628,2021,10,14,2021-10,8
2021-10-15,48.13425925925926,2021,10,15,2021-10,8
2021-10-16,48.223379629629626,2021,10,16,2021-10,8
2021-10-17,54.22800925925926,2021,10,17,2021-10,8
2021-10-18,47.6099537037037,2021,10,18,2021-10,8
2021-10-19,49.199074074074076,2021,10,19,2021-10,8
2021-10-20,49.19444444444445,2021,10,20,2021-10,8
2021-10-21,48.069444444444436,2021,10,21,2021-10,8
2021-10-22,51.91550925925927,2021,10,22,2021-10,8
2021-10-23,47.90393518518518,2021,10,23,2021-10,8
2021-10-24,48.09722222222222,2021,10,24,2021-10,8
2021-10-25,49.22106481481482,2021,10,25,2021-10,8
2021-10-26,50.22222222222222,2021,10,26,2021-10,8
2021-10-27,48.17824074074074,2021,10,27,2021-10,8
2021-10-28,48.38194444444445,2021,10,28,2021-10,8
2021-10-29,48.37268518518518,2021,10,29,2021-10,8
2021-10-30,48.52893518518518,2021,10,30,2021-10,8
2021-10-31,49.824074074074076,2021,10,31,2021-10,8
2021-11-01,48.487268518518526,2021,11,1,2021-11,9
2021-11-02,48.114583333333336,2021,11,2,2021-11,9
2021-11-03,48.329836829836836,2021,11,3,2021-11,9
2021-11-04,48.32060185185185,2021,11,4,2021-11,9
2021-11-05,48.47222222222223,2021,11,5,2021-11,9
2021-11-06,48.25347222222222,2021,11,6,2021-11,9
2021-11-07,48.410879629629626,2021,11,7,2021-11,9
2021-11-08,47.848379629629626,2021,11,8,2021-11,9
2021-11-09,49.27314814814815,2021,11,9,2021-11,9
2021-11-10,47.88755841121495,2021,11,10,2021-11,9
2021-11-11,48.05787037037038,2021,11,11,2021-11,9
2021-11-12,48.35194088319088,2021,11,12,2021-11,9
2021-11-13,48.550925925925924,2021,11,13,2021-11,9
2021-11-14,48.550925925925924,2021,11,14,2021-11,9
2021-11-15,48.79137529137529,2021,11,15,2021-11,9
2021-11-16,48.76573426573427,2021,11,16,2021-11,9
2021-11-17,48.69097222222222,2021,11,17,2021-11,9
2021-11-18,48.97800925925926,2021,11,18,2021-11,9
2021-11-19,49.28009259259259,2021,11,19,2021-11,9
2021-11-20,49.07523148148149,2021,11,20,2021-11,9
2021-11-21,50.8275462962963,2021,11,21,2021-11,9
2021-11-22,52.94675925925927,2021,11,22,2021-11,9
2021-11-23,48.666666666666664,2021,11,23,2021-11,9
2021-11-24,48.1099537037037,2021,11,24,2021-11,9
2021-11-25,48.131944444444436,2021,11,25,2021-11,9
2021-11-26,48.363425925925924,2021,11,26,2021-11,9
2021-11-27,48.14814814814815,2021,11,27,2021-11,9
2021-11-28,48.09143518518518,2021,11,28,2021-11,9
2021-11-29,48.5462962962963,2021,11,29,2021-11,9
2021-11-30,48.85648148148149,2021,11,30,2021-11,9
2021-12-01,48.96759259259258,2021,12,1,2021-12,10
2021-12-02,48.00694444444445,2021,12,2,2021-12,10
2021-12-03,48.061771561771565,2021,12,3,2021-12,10
2021-12-04,48.52893518518518,2021,12,4,2021-12,10
2021-12-05,48.177083333333336,2021,12,5,2021-12,10
2021-12-06,48.550925925925924,2021,12,6,2021-12,10
2021-12-07,49.83682983682984,2021,12,7,2021-12,10
2021-12-08,53.011574074074076,2021,12,8,2021-12,10
2021-12-09,47.582175925925924,2021,12,9,2021-12,10
2021-12-10,47.5990675990676,2021,12,10,2021-12,10
2021-12-11,48.11805555555555,2021,12,11,2021-12,10
2021-12-12,48.37152777777777,2021,12,12,2021-12,10
2021-12-13,48.307692307692314,2021,12,13,2021-12,10
2021-12-14,48.88310185185185,2021,12,14,2021-12,10
2021-12-15,48.37037037037036,2021,12,15,2021-12,10
2021-12-16,48.69328703703704,2021,12,16,2021-12,10
2021-12-17,52.75578703703704,2021,12,17,2021-12,10
2021-12-18,48.32523148148149,2021,12,18,2021-12,10
2021-12-19,48.01636557886558,2021,12,19,2021-12,10
2021-12-20,48.528169014084504,2021,12,20,2021-12,10
2021-12-21,48.69328703703704,2021,12,21,2021-12,10
2021-12-22,48.50231481481482,2021,12,22,2021-12,10
2021-12-23,48.36226851851851,2021,12,23,2021-12,10
2021-12-24,48.8912037037037,2021,12,24,2021-12,10
2021-12-25,50.605324074074076,2021,12,25,2021-12,10
2021-12-26,48.28125,2021,12,26,2021-12,10
2021-12-27,48.3275462962963,2021,12,27,2021-12,10
2021-12-28,48.42592592592593,2021,12,28,2021-12,10
2021-12-29,48.583333333333336,2021,12,29,2021-12,10
2021-12-30,48.87995337995338,2021,12,30,2021-12,10
2021-12-31,49.31597222222222,2021,12,31,2021-12,10
2022-01-01,48.34143518518518,2022,1,1,2022-01,11
2022-01-02,48.368055555555564,2022,1,2,2022-01,11
2022-01-03,48.78240740740741,2022,1,3,2022-01,11
2022-01-04,49.0011655011655,2022,1,4,2022-01,11
2022-01-05,48.29398148148149,2022,1,5,2022-01,11
2022-01-06,50.423611111111114,2022,1,6,2022-01,11
2022-01-07,47.24074074074074,2022,1,7,2022-01,11
2022-01-08,47.554398148148145,2022,1,8,2022-01,11
2022-01-09,48.129629629629626,2022,1,9,2022-01,11
2022-01-10,48.291666666666664,2022,1,10,2022-01,11
2022-01-11,52.42361111111111,2022,1,11,2022-01,11
2022-01-12,48.300925925925924,2022,1,12,2022-01,11
2022-01-13,48.188811188811194,2022,1,13,2022-01,11
2022-01-14,48.370370370370374,2022,1,14,2022-01,11
2022-01-15,47.66550925925926,2022,1,15,2022-01,11
2022-01-16,48.08796296296296,2022,1,16,2022-01,11
2022-01-17,48.85269802365391,2022,1,17,2022-01,11
2022-01-18,48.46491727383121,2022,1,18,2022-01,11
2022-01-19,48.568137694145754,2022,1,19,2022-01,11
2022-01-20,49.00536359530262,2022,1,20,2022-01,11
2022-01-21,48.14685314685315,2022,1,21,2022-01,11
2022-01-22,48.24189814814815,2022,1,22,2022-01,11
2022-01-23,49.363425925925924,2022,1,23,2022-01,11
2022-01-24,48.69894972451791,2022,1,24,2022-01,11
2022-01-25,48.47468738860002,2022,1,25,2022-01,11
2022-01-26,48.55848883234379,2022,1,26,2022-01,11
2022-01-27,48.78468206340548,2022,1,27,2022-01,11
2022-01-28,49.04571586511886,2022,1,28,2022-01,11
2022-01-29,48.81134259259259,2022,1,29,2022-01,11
2022-01-30,48.86363636363637,2022,1,30,2022-01,11
2022-01-31,48.421296296296305,2022,1,31,2022-01,11
2022-02-01,48.3587962962963,2022,2,1,2022-02,12
2022-02-02,48.66662619787619,2022,2,2,2022-02,12
2022-02-03,49.0625,2022,2,3,2022-02,12
2022-02-04,48.85648148148149,2022,2,4,2022-02,12
2022-02-05,49.05128205128205,2022,2,5,2022-02,12
2022-02-06,49.10185185185185,2022,2,6,2022-02,12
2022-02-07,48.86689814814815,2022,2,7,2022-02,12
2022-02-08,49.01273148148149,2022,2,8,2022-02,12
2022-02-09,48.82175925925926,2022,2,9,2022-02,12
2022-02-10,53.67013888888889,2022,2,10,2022-02,12
2022-02-11,47.84606481481482,2022,2,11,2022-02,12
2022-02-12,46.9525462962963,2022,2,12,2022-02,12
2022-02-13,51.69328703703704,2022,2,13,2022-02,12
2022-02-14,50.04282407407407,2022,2,14,2022-02,12
2022-02-15,47.863425925925924,2022,2,15,2022-02,12
2022-02-16,48.53703703703704,2022,2,16,2022-02,12
2022-02-17,48.159018065268064,2022,2,17,2022-02,12
2022-02-18,47.92424242424243,2022,2,18,2022-02,12
2022-02-19,49.636574074074076,2022,2,19,2022-02,12
2022-02-20,50.739583333333336,2022,2,20,2022-02,12
2022-02-21,47.96759259259259,2022,2,21,2022-02,12
2022-02-22,48.12962962962962,2022,2,22,2022-02,12
2022-02-23,48.0636574074074,2022,2,23,2022-02,12
2022-02-24,47.78356481481482,2022,2,24,2022-02,12
2022-02-25,47.864583333333336,2022,2,25,2022-02,12
2022-02-26,48.10185185185185,2022,2,26,2022-02,12
2022-02-27,48.375291375291376,2022,2,27,2022-02,12
2022-02-28,48.329861111111114,2022,2,28,2022-02,12
2022-03-01,49.2974537037037,2022,3,1,2022-03,13
2022-03-02,48.87731481481481,2022,3,2,2022-03,13
2022-03-03,48.50347222222223,2022,3,3,2022-03,13
2022-03-04,48.519675925925924,2022,3,4,2022-03,13
2022-03-05,48.678095053095056,2022,3,5,2022-03,13
2022-03-06,48.6087962962963,2022,3,6,2022-03,13
2022-03-07,48.78472222222223,2022,3,7,2022-03,13
2022-03-08,49.732638888888886,2022,3,8,2022-03,13
2022-03-09,48.3900462962963,2022,3,9,2022-03,13
2022-03-10,48.464120370370374,2022,3,10,2022-03,13
2022-03-11,48.745370370370374,2022,3,11,2022-03,13
2022-03-12,49.13425925925926,2022,3,12,2022-03,13
2022-03-13,48.70949074074074,2022,3,13,2022-03,13
2022-03-14,48.50925925925926,2022,3,14,2022-03,13
2022-03-15,48.875,2022,3,15,2022-03,13
2022-03-16,48.9082005957006,2022,3,16,2022-03,13
2022-03-17,49.08449074074074,2022,3,17,2022-03,13
2022-03-18,52.15734265734267,2022,3,18,2022-03,13
2022-03-19,51.44675925925927,2022,3,19,2022-03,13
2022-03-20,47.49768518518518,2022,3,20,2022-03,13
2022-03-21,47.697916666666664,2022,3,21,2022-03,13
2022-03-22,53.381944444444436,2022,3,22,2022-03,13
2022-03-23,48.256944444444436,2022,3,23,2022-03,13
2022-03-24,48.16319444444445,2022,3,24,2022-03,13
2022-03-25,47.8599537037037,2022,3,25,2022-03,13
2022-03-26,48.322916666666664,2022,3,26,2022-03,13
2022-03-27,47.82634032634033,2022,3,27,2022-03,13
2022-03-28,47.73148148148149,2022,3,28,2022-03,13
2022-03-29,48.043981481481474,2022,3,29,2022-03,13
2022-03-30,47.800909738409736,2022,3,30,2022-03,13
2022-03-31,48.78009259259259,2022,3,31,2022-03,13
2022-04-01,51.74884259259259,2022,4,1,2022-04,14
2022-04-02,47.293981481481474,2022,4,2,2022-04,14
2022-04-03,48.77199074074074,2022,4,3,2022-04,14
2022-04-04,50.66550925925926,2022,4,4,2022-04,14
2022-04-05,47.016592204092206,2022,4,5,2022-04,14
2022-04-06,47.07692307692307,2022,4,6,2022-04,14
2022-04-07,47.479166666666664,2022,4,7,2022-04,14
2022-04-08,47.72685185185185,2022,4,8,2022-04,14
2022-04-09,47.80787037037036,2022,4,9,2022-04,14
2022-04-10,48.0625,2022,4,10,2022-04,14
2022-04-11,47.90972222222222,2022,4,11,2022-04,14
2022-04-12,47.77291666666667,2022,4,12,2022-04,14
2022-04-13,47.89241557734206,2022,4,13,2022-04,14
2022-04-14,48.510416666666664,2022,4,14,2022-04,14
2022-04-15,48.64814814814815,2022,4,15,2022-04,14
2022-04-16,47.42361111111111,2022,4,16,2022-04,14
2022-04-17,47.30902777777777,2022,4,17,2022-04,14
2022-04-18,48.6737089201878,2022,4,18,2022-04,14
2022-04-19,47.177083333333336,2022,4,19,2022-04,14
2022-04-20,48.16087962962964,2022,4,20,2022-04,14
2022-04-21,47.86226851851851,2022,4,21,2022-04,14
2022-04-22,48.2824074074074,2022,4,22,2022-04,14
2022-04-23,47.52893518518518,2022,4,23,2022-04,14
2022-04-24,49.329861111111114,2022,4,24,2022-04,14
2022-04-25,47.37268518518519,2022,4,25,2022-04,14
2022-04-26,47.42824074074074,2022,4,26,2022-04,14
2022-04-27,47.35069444444445,2022,4,27,2022-04,14
2022-04-28,47.14351851851851,2022,4,28,2022-04,14
2022-04-29,50.825231481481474,2022,4,29,2022-04,14
2022-04-30,46.90509259259259,2022,4,30,2022-04,14
2022-05-01,47.93017872523686,2022,5,1,2022-05,15
2022-05-02,48.42476851851851,2022,5,2,2022-05,15
2022-05-03,47.131944444444436,2022,5,3,2022-05,15
2022-05-04,47.44560185185185,2022,5,4,2022-05,15
2022-05-05,47.60416666666666,2022,5,5,2022-05,15
2022-05-06,47.446041857973675,2022,5,6,2022-05,15
2022-05-07,39.62847222222222,2022,5,7,2022-05,15
2022-05-08,39.570601851851855,2022,5,8,2022-05,15
2022-05-09,49.46123417721518,2022,5,9,2022-05,15
2022-05-10,47.59953703703704,2022,5,10,2022-05,15
2022-05-11,47.202546296296305,2022,5,11,2022-05,15
2022-05-12,47.90625,2022,5,12,2022-05,15
2022-05-13,49.043981481481474,2022,5,13,2022-05,15
2022-05-14,46.898148148148145,2022,5,14,2022-05,15
2022-05-15,47.23726851851851,2022,5,15,2022-05,15
2022-05-16,51.47800925925926,2022,5,16,2022-05,15
2022-05-17,47.8599537037037,2022,5,17,2022-05,15
2022-05-18,47.34953703703704,2022,5,18,2022-05,15
2022-05-19,47.379629629629626,2022,5,19,2022-05,15
2022-05-20,47.64801864801865,2022,5,20,2022-05,15
2022-05-21,47.79050925925926,2022,5,21,2022-05,15
2022-05-22,47.40393518518518,2022,5,22,2022-05,15
2022-05-23,47.370370370370374,2022,5,23,2022-05,15
2022-05-24,47.266203703703695,2022,5,24,2022-05,15
2022-05-25,47.44328703703704,2022,5,25,2022-05,15
2022-05-26,47.595571095571096,2022,5,26,2022-05,15
2022-05-27,48.60300925925926,2022,5,27,2022-05,15
2022-05-28,47.326388888888886,2022,5,28,2022-05,15
2022-05-29,47.729166666666664,2022,5,29,2022-05,15
2022-05-30,47.892361111111114,2022,5,30,2022-05,15
2022-05-31,49.62268518518519,2022,5,31,2022-05,15
2022-06-01,47.15393518518518,2022,6,1,2022-06,16
2022-06-02,47.399305555555564,2022,6,2,2022-06,16
2022-06-03,49.006944444444436,2022,6,3,2022-06,16
2022-06-04,47.18981481481482,2022,6,4,2022-06,16
2022-06-05,47.362268518518526,2022,6,5,2022-06,16
2022-06-06,50.78125,2022,6,6,2022-06,16
2022-06-07,47.637529137529135,2022,6,7,2022-06,16
2022-06-08,46.892361111111114,2022,6,8,2022-06,16
2022-06-09,46.71296296296296,2022,6,9,2022-06,16
2022-06-10,46.84606481481482,2022,6,10,2022-06,16
2022-06-11,47.12384259259259,2022,6,11,2022-06,16
2022-06-12,48.53729603729604,2022,6,12,2022-06,16
2022-06-13,47.085648148148145,2022,6,13,2022-06,16
2022-06-14,47.82634032634033,2022,6,14,2022-06,16
2022-06-15,48.160879629629626,2022,6,15,2022-06,16
2022-06-16,47.03472222222222,2022,6,16,2022-06,16
2022-06-17,47.451270560425485,2022,6,17,2022-06,16
2022-06-18,47.730324074074076,2022,6,18,2022-06,16
2022-06-19,47.020426676676685,2022,6,19,2022-06,16
2022-06-20,47.46782407407408,2022,6,20,2022-06,16
2022-06-21,47.92129629629628,2022,6,21,2022-06,16
2022-06-22,48.00810185185185,2022,6,22,2022-06,16
2022-06-23,47.487268518518526,2022,6,23,2022-06,16
2022-06-24,47.28472222222222,2022,6,24,2022-06,16
2022-06-25,47.47106481481482,2022,6,25,2022-06,16
2022-06-26,47.85198135198135,2022,6,26,2022-06,16
2022-06-27,48.283216783216794,2022,6,27,2022-06,16
2022-06-28,48.43634259259259,2022,6,28,2022-06,16
2022-06-29,48.16319444444445,2022,6,29,2022-06,16
2022-06-30,48.47552447552447,2022,6,30,2022-06,16
2022-07-01,48.52893518518518,2022,7,1,2022-07,17
2022-07-02,48.36921296296296,2022,7,2,2022-07,17
2022-07-03,48.62037037037036,2022,7,3,2022-07,17
2022-07-04,48.817129629629626,2022,7,4,2022-07,17
2022-07-05,48.32523148148149,2022,7,5,2022-07,17
2022-07-06,48.06410256410256,2022,7,6,2022-07,17
2022-07-07,47.899305555555564,2022,7,7,2022-07,17
2022-07-08,48.076388888888886,2022,7,8,2022-07,17
2022-07-09,48.381944444444436,2022,7,9,2022-07,17
2022-07-10,48.27546296296296,2022,7,10,2022-07,17
2022-07-11,48.36111111111111,2022,7,11,2022-07,17
2022-07-12,49.41898148148149,2022,7,12,2022-07,17
2022-07-13,49.04430523180523,2022,7,13,2022-07,17
2022-07-14,46.90277777777777,2022,7,14,2022-07,17
2022-07-15,50.53356481481482,2022,7,15,2022-07,17
2022-07-16,48.223379629629626,2022,7,16,2022-07,17
2022-07-17,48.10763888888889,2022,7,17,2022-07,17
2022-07-18,47.64120370370372,2022,7,18,2022-07,17
2022-07-19,48.61921296296296,2022,7,19,2022-07,17
2022-07-20,48.0162037037037,2022,7,20,2022-07,17
2022-07-21,48.11771561771562,2022,7,21,2022-07,17
2022-07-22,48.59377359729473,2022,7,22,2022-07,17
2022-07-23,48.3587962962963,2022,7,23,2022-07,17
2022-07-24,48.18518518518518,2022,7,24,2022-07,17
2022-07-25,48.026620370370374,2022,7,25,2022-07,17
2022-07-26,47.881944444444436,2022,7,26,2022-07,17
2022-07-27,46.98263888888888,2022,7,27,2022-07,17
2022-07-28,47.54050925925926,2022,7,28,2022-07,17
2022-07-29,47.44675925925926,2022,7,29,2022-07,17
2022-07-30,47.625,2022,7,30,2022-07,17
2022-07-31,47.973379629629626,2022,7,31,2022-07,17
2022-08-01,48.340326340326335,2022,8,1,2022-08,18
2022-08-02,48.44560185185185,2022,8,2,2022-08,18
2022-08-03,48.87415824915825,2022,8,3,2022-08,18
2022-08-04,51.595571095571096,2022,8,4,2022-08,18
2022-08-05,46.83680555555555,2022,8,5,2022-08,18
2022-08-06,46.93981481481481,2022,8,6,2022-08,18
2022-08-07,47.17824074074074,2022,8,7,2022-08,18
2022-08-08,47.28356481481481,2022,8,8,2022-08,18
2022-08-09,47.41087962962962,2022,8,9,2022-08,18
2022-08-10,47.58974358974359,2022,8,10,2022-08,18
2022-08-11,47.7337962962963,2022,8,11,2022-08,18
2022-08-12,47.927083333333336,2022,8,12,2022-08,18
2022-08-13,48.875,2022,8,13,2022-08,18
2022-08-14,47.4212962962963,2022,8,14,2022-08,18
2022-08-15,47.66319444444445,2022,8,15,2022-08,18
2022-08-16,47.25925925925926,2022,8,16,2022-08,18
2022-08-17,47.96643518518518,2022,8,17,2022-08,18
2022-08-18,48.03819444444445,2022,8,18,2022-08,18
2022-08-19,47.74305555555555,2022,8,19,2022-08,18
2022-08-20,49.36805555555554,2022,8,20,2022-08,18
2022-08-21,48.84953703703704,2022,8,21,2022-08,18
2022-08-22,48.026620370370374,2022,8,22,2022-08,18
2022-08-23,47.798611111111114,2022,8,23,2022-08,18
2022-08-24,48.40509259259259,2022,8,24,2022-08,18
2022-08-25,48.45949074074074,2022,8,25,2022-08,18
2022-08-26,49.12499999999999,2022,8,26,2022-08,18
2022-08-27,48.326388888888886,2022,8,27,2022-08,18
2022-08-28,49.82986111111111,2022,8,28,2022-08,18
2022-08-29,47.9837962962963,2022,8,29,2022-08,18
2022-08-30,48.17171443579895,2022,8,30,2022-08,18
2022-08-31,47.31828703703704,2022,8,31,2022-08,18
2022-09-01,47.208333333333336,2022,9,1,2022-09,19
2022-09-02,47.97222222222223,2022,9,2,2022-09,19
2022-09-03,47.179398148148145,2022,9,3,2022-09,19
2022-09-04,47.26504629629628,2022,9,4,2022-09,19
2022-09-05,47.31944444444445,2022,9,5,2022-09,19
2022-09-06,47.379629629629626,2022,9,6,2022-09,19
2022-09-07,47.68518518518518,2022,9,7,2022-09,19
2022-09-08,47.587412587412594,2022,9,8,2022-09,19
2022-09-09,47.62731481481482,2022,9,9,2022-09,19
2022-09-10,47.75578703703704,2022,9,10,2022-09,19
2022-09-11,47.7824074074074,2022,9,11,2022-09,19
2022-09-12,47.637731481481474,2022,9,12,2022-09,19
2022-09-13,47.43055555555555,2022,9,13,2022-09,19
2022-09-14,48.02314814814815,2022,9,14,2022-09,19
2022-09-15,48.06944444444445,2022,9,15,2022-09,19
2022-09-16,48.10256410256411,2022,9,16,2022-09,19
2022-09-17,48.17939814814815,2022,9,17,2022-09,19
2022-09-18,47.916666666666664,2022,9,18,2022-09,19
2022-09-19,46.80324074074073,2022,9,19,2022-09,19
2022-09-20,50.22222222222223,2022,9,20,2022-09,19
2022-09-21,47.84490740740741,2022,9,21,2022-09,19
2022-09-22,47.39860139860139,2022,9,22,2022-09,19
2022-09-23,47.450231481481474,2022,9,23,2022-09,19
2022-09-24,48.33100233100233,2022,9,24,2022-09,19
2022-09-25,47.238425925925924,2022,9,25,2022-09,19
2022-09-26,47.559811827956985,2022,9,26,2022-09,19
2022-09-27,47.67361111111111,2022,9,27,2022-09,19
2022-09-28,47.822916666666664,2022,9,28,2022-09,19
2022-09-29,49.46948356807511,2022,9,29,2022-09,19
2022-09-30,48.325231481481474,2022,9,30,2022-09,19
2022-10-01,47.791666666666664,2022,10,1,2022-10,20
2022-10-02,48.26273148148149,2022,10,2,2022-10,20
2022-10-03,48.14351851851851,2022,10,3,2022-10,20
2022-10-04,47.97800925925926,2022,10,4,2022-10,20
2022-10-05,51.547453703703695,2022,10,5,2022-10,20
2022-10-06,53.04050925925926,2022,10,6,2022-10,20
2022-10-07,54.88194444444445,2022,10,7,2022-10,20
2022-10-08,47.11921296296296,2022,10,8,2022-10,20
2022-10-09,48.618055555555564,2022,10,9,2022-10,20
2022-10-10,48.63773148148149,2022,10,10,2022-10,20
2022-10-11,47.675925925925924,2022,10,11,2022-10,20
2022-10-12,47.7662037037037,2022,10,12,2022-10,20
2022-10-13,49.8125,2022,10,13,2022-10,20
2022-10-14,47.993055555555564,2022,10,14,2022-10,20
2022-10-15,47.25810185185185,2022,10,15,2022-10,20
2022-10-16,47.020833333333336,2022,10,16,2022-10,20
2022-10-17,47.66203703703703,2022,10,17,2022-10,20
2022-10-18,49.81597222222223,2022,10,18,2022-10,20
2022-10-19,48.179398148148145,2022,10,19,2022-10,20
2022-10-20,47.486111111111114,2022,10,20,2022-10,20
2022-10-21,47.7337962962963,2022,10,21,2022-10,20
2022-10-22,47.96296296296296,2022,10,22,2022-10,20
2022-10-23,48.583333333333336,2022,10,23,2022-10,20
2022-10-24,48.648148148148145,2022,10,24,2022-10,20
2022-10-25,49.589120370370374,2022,10,25,2022-10,20
2022-10-26,48.104166666666664,2022,10,26,2022-10,20
2022-10-27,47.729472396925225,2022,10,27,2022-10,20
2022-10-28,48.18607549857549,2022,10,28,2022-10,20
2022-10-29,48.34143518518518,2022,10,29,2022-10,20
2022-10-30,48.557870370370374,2022,10,30,2022-10,20
2022-10-31,48.324074074074076,2022,10,31,2022-10,20
2022-11-01,48.1024470899471,2022,11,1,2022-11,21
2022-11-02,48.14351851851851,2022,11,2,2022-11,21
2022-11-03,48.31365740740741,2022,11,3,2022-11,21
2022-11-04,48.697916666666664,2022,11,4,2022-11,21
2022-11-05,48.62152777777777,2022,11,5,2022-11,21
2022-11-06,48.81250000000001,2022,11,6,2022-11,21
2022-11-07,49.07175925925926,2022,11,7,2022-11,21
2022-11-08,48.88078703703704,2022,11,8,2022-11,21
2022-11-09,48.7037037037037,2022,11,9,2022-11,21
2022-11-10,48.9849537037037,2022,11,10,2022-11,21
2022-11-11,49.02430555555554,2022,11,11,2022-11,21
2022-11-12,48.92129629629628,2022,11,12,2022-11,21
2022-11-13,49.261574074074076,2022,11,13,2022-11,21
2022-11-14,48.7974537037037,2022,11,14,2022-11,21
2022-11-15,50.30902777777778,2022,11,15,2022-11,21
2022-11-16,48.47453703703704,2022,11,16,2022-11,21
2022-11-17,48.635416666666664,2022,11,17,2022-11,21
2022-11-18,48.46853146853147,2022,11,18,2022-11,21
2022-11-19,48.77314814814815,2022,11,19,2022-11,21
2022-11-20,51.24537037037036,2022,11,20,2022-11,21
2022-11-21,49.53935185185185,2022,11,21,2022-11,21
2022-11-22,48.260416666666664,2022,11,22,2022-11,21
2022-11-23,55.704861111111114,2022,11,23,2022-11,21
2022-11-24,47.51515151515151,2022,11,24,2022-11,21
2022-11-25,47.4537037037037,2022,11,25,2022-11,21
2022-11-26,48.50115740740741,2022,11,26,2022-11,21
2022-11-27,48.24421296296296,2022,11,27,2022-11,21
2022-11-28,48.674768518518526,2022,11,28,2022-11,21
2022-11-29,48.824074074074076,2022,11,29,2022-11,21
2022-11-30,49.354166666666664,2022,11,30,2022-11,21
2022-12-01,48.87615740740741,2022,12,1,2022-12,22
2022-12-02,47.99768518518518,2022,12,2,2022-12,22
2022-12-03,48.05555555555555,2022,12,3,2022-12,22
2022-12-04,48.4699074074074,2022,12,4,2022-12,22
2022-12-05,51.54398148148149,2022,12,5,2022-12,22
2022-12-06,52.24768518518518,2022,12,6,2022-12,22
2022-12-07,47.6934731934732,2022,12,7,2022-12,22
2022-12-08,47.91898148148149,2022,12,8,2022-12,22
2022-12-09,47.822916666666664,2022,12,9,2022-12,22
2022-12-10,48.15625,2022,12,10,2022-12,22
2022-12-11,48.43055555555555,2022,12,11,2022-12,22
2022-12-12,47.70486111111111,2022,12,12,2022-12,22
2022-12-13,48.5625,2022,12,13,2022-12,22
2022-12-14,47.769675925925924,2022,12,14,2022-12,22
2022-12-15,47.761574074074076,2022,12,15,2022-12,22
2022-12-16,48.171328671328666,2022,12,16,2022-12,22
2022-12-17,50.212962962962955,2022,12,17,2022-12,22
2022-12-18,49.27199074074074,2022,12,18,2022-12,22
2022-12-19,47.65046296296296,2022,12,19,2022-12,22
2022-12-20,47.82060185185185,2022,12,20,2022-12,22
2022-12-21,48.379629629629626,2022,12,21,2022-12,22
2022-12-22,50.25347222222223,2022,12,22,2022-12,22
2022-12-23,47.762731481481474,2022,12,23,2022-12,22
2022-12-24,47.86921296296296,2022,12,24,2022-12,22
2022-12-25,47.774305555555564,2022,12,25,2022-12,22
2022-12-26,47.69675925925926,2022,12,26,2022-12,22
2022-12-27,47.7037037037037,2022,12,27,2022-12,22
2022-12-28,48.10907957782958,2022,12,28,2022-12,22
2022-12-29,48.23379629629628,2022,12,29,2022-12,22
2022-12-30,48.87268518518519,2022,12,30,2022-12,22
2022-12-31,48.708333333333336,2022,12,31,2022-12,22
2023-01-01,48.82986111111111,2023,1,1,2023-01,23
2023-01-02,48.47552447552448,2023,1,2,2023-01,23
2023-01-03,48.15046296296296,2023,1,3,2023-01,23
2023-01-04,48.114583333333336,2023,1,4,2023-01,23
2023-01-05,47.73263888888889,2023,1,5,2023-01,23
2023-01-06,48.12615740740741,2023,1,6,2023-01,23
2023-01-07,48.317129629629626,2023,1,7,2023-01,23
2023-01-08,48.72453703703703,2023,1,8,2023-01,23
2023-01-09,48.71527777777778,2023,1,9,2023-01,23
2023-01-10,49.03240740740741,2023,1,10,2023-01,23
2023-01-11,48.453703703703695,2023,1,11,2023-01,23
2023-01-12,48.87268518518518,2023,1,12,2023-01,23
2023-01-13,49.14699074074074,2023,1,13,2023-01,23
2023-01-14,49.28438228438228,2023,1,14,2023-01,23
2023-01-15,52.116898148148145,2023,1,15,2023-01,23
2023-01-16,55.957175925925924,2023,1,16,2023-01,23
2023-01-17,47.76103988603989,2023,1,17,2023-01,23
2023-01-18,47.76202585293495,2023,1,18,2023-01,23
2023-01-19,47.79107981220657,2023,1,19,2023-01,23
2023-01-20,48.467079368718714,2023,1,20,2023-01,23
2023-01-21,47.89160839160838,2023,1,21,2023-01,23
2023-01-22,47.9837962962963,2023,1,22,2023-01,23
2023-01-23,49.3183824372349,2023,1,23,2023-01,23
2023-01-24,50.68051760777171,2023,1,24,2023-01,23
2023-01-25,47.52048809268638,2023,1,25,2023-01,23
2023-01-26,47.61421911421912,2023,1,26,2023-01,23
2023-01-27,48.87268518518518,2023,1,27,2023-01,23
2023-01-28,47.796296296296305,2023,1,28,2023-01,23
2023-01-29,48.29976851851851,2023,1,29,2023-01,23
2023-01-30,48.46759259259259,2023,1,30,2023-01,23
2023-01-31,47.8287037037037,2023,1,31,2023-01,23
2023-02-01,48.06597222222222,2023,2,1,2023-02,24
2023-02-02,47.88034572342125,2023,2,2,2023-02,24
2023-02-03,48.14801864801865,2023,2,3,2023-02,24
2023-02-04,48.08796296296296,2023,2,4,2023-02,24
2023-02-05,48.15277777777777,2023,2,5,2023-02,24
2023-02-06,48.244212962962955,2023,2,6,2023-02,24
2023-02-07,48.21875,2023,2,7,2023-02,24
2023-02-08,48.1574074074074,2023,2,8,2023-02,24
2023-02-09,47.86805555555555,2023,2,9,2023-02,24
2023-02-10,53.453703703703695,2023,2,10,2023-02,24
2023-02-11,47.27199074074073,2023,2,11,2023-02,24
2023-02-12,47.19791666666666,2023,2,12,2023-02,24
2023-02-13,55.202546296296305,2023,2,13,2023-02,24
2023-02-14,47.497320966070966,2023,2,14,2023-02,24
2023-02-15,47.96617089530475,2023,2,15,2023-02,24
2023-02-16,47.575730056980056,2023,2,16,2023-02,24
2023-02-17,47.763888888888886,2023,2,17,2023-02,24
2023-02-18,47.97685185185185,2023,2,18,2023-02,24
2023-02-19,47.96527777777778,2023,2,19,2023-02,24
2023-02-20,48.694444444444436,2023,2,20,2023-02,24
2023-02-21,48.11574074074073,2023,2,21,2023-02,24
2023-02-22,47.68531468531469,2023,2,22,2023-02,24
2023-02-23,48.06365740740741,2023,2,23,2023-02,24
2023-02-24,48.88310185185185,2023,2,24,2023-02,24
2023-02-25,48.33912037037036,2023,2,25,2023-02,24
2023-02-26,47.74884259259259,2023,2,26,2023-02,24
2023-02-27,47.63773148148149,2023,2,27,2023-02,24
2023-02-28,47.78703703703704,2023,2,28,2023-02,24
2023-03-01,47.739583333333336,2023,3,1,2023-03,25
2023-03-02,48.68981481481482,2023,3,2,2023-03,25
2023-03-03,48.083333333333336,2023,3,3,2023-03,25
2023-03-04,48.30555555555555,2023,3,4,2023-03,25
2023-03-05,48.31018518518518,2023,3,5,2023-03,25
2023-03-06,48.460648148148145,2023,3,6,2023-03,25
2023-03-07,48.004629629629626,2023,3,7,2023-03,25
2023-03-08,48.27314814814815,2023,3,8,2023-03,25
2023-03-09,48.18865740740741,2023,3,9,2023-03,25
2023-03-10,47.859953703703695,2023,3,10,2023-03,25
2023-03-11,48.37268518518518,2023,3,11,2023-03,25
2023-03-12,48.39351851851851,2023,3,12,2023-03,25
2023-03-13,48.44444444444445,2023,3,13,2023-03,25
2023-03-14,48.10416666666666,2023,3,14,2023-03,25
2023-03-15,47.93123543123542,2023,3,15,2023-03,25
2023-03-16,47.99768518518518,2023,3,16,2023-03,25
2023-03-17,48.49768518518518,2023,3,17,2023-03,25
2023-03-18,53.71875,2023,3,18,2023-03,25
2023-03-19,47.15625,2023,3,19,2023-03,25
2023-03-20,47.34606481481482,2023,3,20,2023-03,25
2023-03-21,47.33680555555555,2023,3,21,2023-03,25
2023-03-22,47.34953703703703,2023,3,22,2023-03,25
2023-03-23,48.793981481481474,2023,3,23,2023-03,25
2023-03-24,48.89351851851851,2023,3,24,2023-03,25
2023-03-25,52.34490740740741,2023,3,25,2023-03,25
2023-03-26,50.486111111111114,2023,3,26,2023-03,25
2023-03-27,47.138888888888886,2023,3,27,2023-03,25
2023-03-28,47.72222222222222,2023,3,28,2023-03,25
2023-03-29,47.175925925925924,2023,3,29,2023-03,25
2023-03-30,46.987268518518526,2023,3,30,2023-03,25
2023-03-31,46.96527777777778,2023,3,31,2023-03,25
2023-04-01,47.27972027972027,2023,4,1,2023-04,26
2023-04-02,47.50352112676057,2023,4,2,2023-04,26
2023-04-03,47.11111111111111,2023,4,3,2023-04,26
2023-04-04,47.21064814814815,2023,4,4,2023-04,26
2023-04-05,47.42476851851851,2023,4,5,2023-04,26
2023-04-06,47.339120370370374,2023,4,6,2023-04,26
2023-04-07,47.68402777777777,2023,4,7,2023-04,26
2023-04-08,49.395833333333336,2023,4,8,2023-04,26
2023-04-09,47.21759259259259,2023,4,9,2023-04,26
2023-04-10,47.604166666666664,2023,4,10,2023-04,26
2023-04-11,47.20486111111111,2023,4,11,2023-04,26
2023-04-12,47.320601851851855,2023,4,12,2023-04,26
2023-04-13,47.62037037037036,2023,4,13,2023-04,26
2023-04-14,47.667824074074076,2023,4,14,2023-04,26
2023-04-15,50.8125,2023,4,15,2023-04,26
2023-04-16,48.24768518518518,2023,4,16,2023-04,26
2023-04-17,47.24125874125874,2023,4,17,2023-04,26
2023-04-18,46.927083333333336,2023,4,18,2023-04,26
2023-04-19,47.21911421911421,2023,4,19,2023-04,26
2023-04-20,47.22569444444445,2023,4,20,2023-04,26
2023-04-21,47.109953703703695,2023,4,21,2023-04,26
2023-04-22,47.47222222222223,2023,4,22,2023-04,26
2023-04-23,47.80671296296296,2023,4,23,2023-04,26
2023-04-24,47.78125,2023,4,24,2023-04,26
2023-04-25,47.8125,2023,4,25,2023-04,26
2023-04-26,49.40972222222222,2023,4,26,2023-04,26
2023-04-27,47.291666666666664,2023,4,27,2023-04,26
2023-04-28,47.40509259259259,2023,4,28,2023-04,26
2023-04-29,47.511574074074076,2023,4,29,2023-04,26
2023-04-30,49.096736596736605,2023,4,30,2023-04,26
2023-05-01,47.99768518518518,2023,5,1,2023-05,27
2023-05-02,47.458333333333336,2023,5,2,2023-05,27
2023-05-03,47.61921296296296,2023,5,3,2023-05,27
2023-05-04,47.633101851851855,2023,5,4,2023-05,27
2023-05-05,47.53030303030303,2023,5,5,2023-05,27
2023-05-06,47.51273148148149,2023,5,6,2023-05,27
2023-05-07,50.77777777777778,2023,5,7,2023-05,27
2023-05-08,48.013888888888886,2023,5,8,2023-05,27
2023-05-09,46.45601851851851,2023,5,9,2023-05,27
2023-05-10,46.70138888888889,2023,5,10,2023-05,27
2023-05-11,47.205128205128204,2023,5,11,2023-05,27
2023-05-12,46.991841491841484,2023,5,12,2023-05,27
2023-05-13,47.1048951048951,2023,5,13,2023-05,27
2023-05-14,46.90509259259259,2023,5,14,2023-05,27
2023-05-15,47.03703703703703,2023,5,15,2023-05,27
2023-05-16,46.90393518518518,2023,5,16,2023-05,27
2023-05-17,47.5162037037037,2023,5,17,2023-05,27
2023-05-18,47.832175925925924,2023,5,18,2023-05,27
2023-05-19,48.34722222222222,2023,5,19,2023-05,27
2023-05-20,46.973379629629626,2023,5,20,2023-05,27
2023-05-21,46.73426573426573,2023,5,21,2023-05,27
2023-05-22,47.910879629629626,2023,5,22,2023-05,27
2023-05-23,52.66550925925926,2023,5,23,2023-05,27
2023-05-24,46.72106481481481,2023,5,24,2023-05,27
2023-05-25,46.711805555555564,2023,5,25,2023-05,27
2023-05-26,46.7215765455202,2023,5,26,2023-05,27
2023-05-27,46.848379629629626,2023,5,27,2023-05,27
2023-05-28,47.18865740740741,2023,5,28,2023-05,27
2023-05-29,51.25000000000001,2023,5,29,2023-05,27
2023-05-30,48.29050925925926,2023,5,30,2023-05,27
2023-05-31,47.33794191919191,2023,5,31,2023-05,27
2023-06-01,46.88425925925926,2023,6,1,2023-06,28
2023-06-02,48.68764568764569,2023,6,2,2023-06,28
2023-06-03,50.29166666666668,2023,6,3,2023-06,28
2023-06-04,46.74074074074074,2023,6,4,2023-06,28
2023-06-05,47.229166666666664,2023,6,5,2023-06,28
2023-06-06,49.333333333333336,2023,6,6,2023-06,28
2023-06-07,48.243589743589745,2023,6,7,2023-06,28
2023-06-08,47.41550925925926,2023,6,8,2023-06,28
2023-06-09,49.30902777777778,2023,6,9,2023-06,28
2023-06-10,46.47435897435898,2023,6,10,2023-06,28
2023-06-11,46.60069444444445,2023,6,11,2023-06,28
2023-06-12,46.50512984667913,2023,6,12,2023-06,28
2023-06-13,46.08449074074074,2023,6,13,2023-06,28
2023-06-14,46.482638888888886,2023,6,14,2023-06,28
2023-06-15,48.015046296296305,2023,6,15,2023-06,28
2023-06-16,46.824482281004016,2023,6,16,2023-06,28
2023-06-17,46.78496503496503,2023,6,17,2023-06,28
2023-06-18,47.42476851851851,2023,6,18,2023-06,28
2023-06-19,47.43706293706293,2023,6,19,2023-06,28
2023-06-20,47.317129629629626,2023,6,20,2023-06,28
2023-06-21,47.24537037037036,2023,6,21,2023-06,28
2023-06-22,48.2337962962963,2023,6,22,2023-06,28
2023-06-23,47.038194444444436,2023,6,23,2023-06,28
2023-06-24,47.24884259259259,2023,6,24,2023-06,28
2023-06-25,47.5034965034965,2023,6,25,2023-06,28
2023-06-26,47.81481481481482,2023,6,26,2023-06,28
2023-06-27,47.867132867132874,2023,6,27,2023-06,28
2023-06-28,47.41258741258741,2023,6,28,2023-06,28
2023-06-29,47.7962962962963,2023,6,29,2023-06,28
2023-06-30,48.02447552447552,2023,6,30,2023-06,28
2023-07-01,48.41550925925927,2023,7,1,2023-07,29
2023-07-02,48.03935185185185,2023,7,2,2023-07,29
2023-07-03,47.69444444444445,2023,7,3,2023-07,29
2023-07-04,48.737268518518526,2023,7,4,2023-07,29
2023-07-05,47.95221445221444,2023,7,5,2023-07,29
2023-07-06,47.729166666666664,2023,7,6,2023-07,29
2023-07-07,47.381944444444436,2023,7,7,2023-07,29
2023-07-08,47.40625,2023,7,8,2023-07,29
2023-07-09,47.41319444444445,2023,7,9,2023-07,29
2023-07-10,47.44988344988345,2023,7,10,2023-07,29
2023-07-11,48.03846153846154,2023,7,11,2023-07,29
2023-07-12,48.00694444444445,2023,7,12,2023-07,29
2023-07-13,48.1875,2023,7,13,2023-07,29
2023-07-14,48.394675925925924,2023,7,14,2023-07,29
2023-07-15,47.66203703703704,2023,7,15,2023-07,29
2023-07-16,47.75231481481482,2023,7,16,2023-07,29
2023-07-17,48.06365740740741,2023,7,17,2023-07,29
2023-07-18,48.364583333333336,2023,7,18,2023-07,29
2023-07-19,48.410879629629626,2023,7,19,2023-07,29
2023-07-20,48.39351851851851,2023,7,20,2023-07,29
2023-07-21,48.3136574074074,2023,7,21,2023-07,29
2023-07-22,48.13425925925926,2023,7,22,2023-07,29
2023-07-23,48.27314814814815,2023,7,23,2023-07,29
2023-07-24,48.364583333333336,2023,7,24,2023-07,29
2023-07-25,48.386574074074076,2023,7,25,2023-07,29
2023-07-26,48.46759259259259,2023,7,26,2023-07,29
2023-07-27,48.363425925925924,2023,7,27,2023-07,29
2023-07-28,48.25,2023,7,28,2023-07,29
2023-07-29,48.248251748251754,2023,7,29,2023-07,29
2023-07-30,48.29050925925927,2023,7,30,2023-07,29
2023-07-31,48.25149973917579,2023,7,31,2023-07,29
2023-08-01,48.80652680652681,2023,8,1,2023-08,30
2023-08-02,47.89236111111111,2023,8,2,2023-08,30
2023-08-03,47.93634259259259,2023,8,3,2023-08,30
2023-08-04,48.24537037037036,2023,8,4,2023-08,30
2023-08-05,48.22652582159623,2023,8,5,2023-08,30
2023-08-06,48.07175925925926,2023,8,6,2023-08,30
2023-08-07,47.710648148148145,2023,8,7,2023-08,30
2023-08-08,47.766203703703695,2023,8,8,2023-08,30
2023-08-09,47.226851851851855,2023,8,9,2023-08,30
2023-08-10,47.01748251748251,2023,8,10,2023-08,30
2023-08-11,47.375,2023,8,11,2023-08,30
2023-08-12,47.69600938967136,2023,8,12,2023-08,30
2023-08-13,47.54976851851851,2023,8,13,2023-08,30
2023-08-14,46.61226851851851,2023,8,14,2023-08,30
2023-08-15,46.91025641025641,2023,8,15,2023-08,30
2023-08-16,46.69121503496503,2023,8,16,2023-08,30
2023-08-17,46.8587962962963,2023,8,17,2023-08,30
2023-08-18,47.177083333333336,2023,8,18,2023-08,30
2023-08-19,47.360882889932185,2023,8,19,2023-08,30
2023-08-20,47.69347319347319,2023,8,20,2023-08,30
2023-08-21,47.80324074074074,2023,8,21,2023-08,30
2023-08-22,47.7349537037037,2023,8,22,2023-08,30
2023-08-23,47.267361111111114,2023,8,23,2023-08,30
2023-08-24,47.1875,2023,8,24,2023-08,30
2023-08-25,47.52314814814815,2023,8,25,2023-08,30
2023-08-26,47.675925925925924,2023,8,26,2023-08,30
2023-08-27,47.7025462962963,2023,8,27,2023-08,30
2023-08-28,47.730324074074076,2023,8,28,2023-08,30
2023-08-29,47.85879629629628,2023,8,29,2023-08,30
2023-08-30,47.78403755868544,2023,8,30,2023-08,30
2023-08-31,47.95717592592593,2023,8,31,2023-08,30
2023-09-01,48.03652450835549,2023,9,1,2023-09,31
2023-09-02,48.1400462962963,2023,9,2,2023-09,31
2023-09-03,48.40427175820434,2023,9,3,2023-09,31
2023-09-04,47.03270687645688,2023,9,4,2023-09,31
2023-09-05,46.743160774410775,2023,9,5,2023-09,31
2023-09-06,47.538194444444436,2023,9,6,2023-09,31
2023-09-07,47.5474537037037,2023,9,7,2023-09,31
2023-09-08,50.026806526806524,2023,9,8,2023-09,31
2023-09-09,47.052447552447546,2023,9,9,2023-09,31
2023-09-10,46.57950851964936,2023,9,10,2023-09,31
2023-09-11,46.609171340097326,2023,9,11,2023-09,31
2023-09-12,46.89953218078218,2023,9,12,2023-09,31
2023-09-13,47.072916666666664,2023,9,13,2023-09,31
2023-09-14,46.959579772079785,2023,9,14,2023-09,31
2023-09-15,47.504629629629626,2023,9,15,2023-09,31
2023-09-16,47.66783216783217,2023,9,16,2023-09,31
2023-09-17,47.53472222222222,2023,9,17,2023-09,31
2023-09-18,47.2983682983683,2023,9,18,2023-09,31
2023-09-19,47.49067599067599,2023,9,19,2023-09,31
2023-09-20,48.53846153846154,2023,9,20,2023-09,31
2023-09-21,47.251714780408214,2023,9,21,2023-09,31
2023-09-22,50.79254079254079,2023,9,22,2023-09,31
2023-09-23,49.36574074074073,2023,9,23,2023-09,31
2023-09-24,47.1595259200893,2023,9,24,2023-09,31
2023-09-25,47.3016865079365,2023,9,25,2023-09,31
2023-09-26,47.29976851851851,2023,9,26,2023-09,31
2023-09-27,47.40740740740741,2023,9,27,2023-09,31
2023-09-28,47.675925925925924,2023,9,28,2023-09,31
2023-09-29,47.68402777777777,2023,9,29,2023-09,31
2023-09-30,47.87152777777777,2023,9,30,2023-09,31
2023-10-01,48.31597222222223,2023,10,1,2023-10,32
2023-10-02,48.11635348583877,2023,10,2,2023-10,32
2023-10-03,47.84875500500501,2023,10,3,2023-10,32
2023-10-04,50.15972222222222,2023,10,4,2023-10,32
2023-10-05,47.53935185185185,2023,10,5,2023-10,32
2023-10-06,47.59722222222223,2023,10,6,2023-10,32
2023-10-07,47.609953703703695,2023,10,7,2023-10,32
2023-10-08,48.444444444444436,2023,10,8,2023-10,32
2023-10-09,50.92592592592593,2023,10,9,2023-10,32
2023-10-10,48.019675925925924,2023,10,10,2023-10,32
2023-10-11,46.57638888888889,2023,10,11,2023-10,32
2023-10-12,46.83912037037036,2023,10,12,2023-10,32
2023-10-13,47.05324074074073,2023,10,13,2023-10,32
2023-10-14,47.92540792540793,2023,10,14,2023-10,32
2023-10-15,51.80902777777777,2023,10,15,2023-10,32
2023-10-16,47.12089201877935,2023,10,16,2023-10,32
2023-10-17,47.32051282051282,2023,10,17,2023-10,32
2023-10-18,47.243589743589745,2023,10,18,2023-10,32
2023-10-19,47.28356481481482,2023,10,19,2023-10,32
2023-10-20,47.177083333333336,2023,10,20,2023-10,32
2023-10-21,48.03819444444445,2023,10,21,2023-10,32
2023-10-22,47.53703703703704,2023,10,22,2023-10,32
2023-10-23,48.09375000000001,2023,10,23,2023-10,32
2023-10-24,47.9537037037037,2023,10,24,2023-10,32
2023-10-25,48.00810185185185,2023,10,25,2023-10,32
2023-10-26,47.80902777777777,2023,10,26,2023-10,32
2023-10-27,48.18171296296296,2023,10,27,2023-10,32
2023-10-28,48.236111111111114,2023,10,28,2023-10,32
2023-10-29,49.22337962962962,2023,10,29,2023-10,32
2023-10-30,47.629629629629626,2023,10,30,2023-10,32
2023-10-31,47.84143518518518,2023,10,31,2023-10,32
2023-11-01,47.917824074074076,2023,11,1,2023-11,33
2023-11-02,48.36226851851851,2023,11,2,2023-11,33
2023-11-03,48.61921296296296,2023,11,3,2023-11,33
2023-11-04,48.199074074074076,2023,11,4,2023-11,33
2023-11-05,48.245370370370374,2023,11,5,2023-11,33
2023-11-06,47.78125,2023,11,6,2023-11,33
2023-11-07,47.93589743589744,2023,11,7,2023-11,33
2023-11-08,48.04195804195805,2023,11,8,2023-11,33
2023-11-09,47.88773148148149,2023,11,9,2023-11,33
2023-11-10,49.952214452214456,2023,11,10,2023-11,33
2023-11-11,47.93055555555555,2023,11,11,2023-11,33
2023-11-12,50.08041958041958,2023,11,12,2023-11,33
2023-11-13,48.17249417249417,2023,11,13,2023-11,33
2023-11-14,47.53962703962704,2023,11,14,2023-11,33
2023-11-15,47.85664335664336,2023,11,15,2023-11,33
2023-11-16,48.0150462962963,2023,11,16,2023-11,33
2023-11-17,51.329812206572775,2023,11,17,2023-11,33
2023-11-18,47.769675925925924,2023,11,18,2023-11,33
2023-11-19,47.98726851851851,2023,11,19,2023-11,33
2023-11-20,47.84259259259259,2023,11,20,2023-11,33
2023-11-21,47.513986013986006,2023,11,21,2023-11,33
2023-11-22,48.01388888888889,2023,11,22,2023-11,33
2023-11-23,48.09722222222223,2023,11,23,2023-11,33
2023-11-24,47.667824074074076,2023,11,24,2023-11,33
2023-11-25,47.363425925925924,2023,11,25,2023-11,33
2023-11-26,48.47569444444445,2023,11,26,2023-11,33
2023-11-27,47.83100233100233,2023,11,27,2023-11,33
2023-11-28,48.06210340585341,2023,11,28,2023-11,33
2023-11-29,48.062694342694336,2023,11,29,2023-11,33
2023-11-30,48.07576058201058,2023,11,30,2023-11,33
2023-12-01,47.932593244653106,2023,12,1,2023-12,34
2023-12-02,48.31018518518519,2023,12,2,2023-12,34
2023-12-03,48.164958883708884,2023,12,3,2023-12,34
2023-12-04,47.763888888888886,2023,12,4,2023-12,34
2023-12-05,49.045411220043576,2023,12,5,2023-12,34
2023-12-06,47.98333715947353,2023,12,6,2023-12,34
2023-12-07,47.770833333333336,2023,12,7,2023-12,34
2023-12-08,47.891697024893745,2023,12,8,2023-12,34
2023-12-09,48.417824074074076,2023,12,9,2023-12,34
2023-12-10,48.62268518518518,2023,12,10,2023-12,34
2023-12-11,48.37926912568306,2023,12,11,2023-12,34
2023-12-12,51.71611262902247,2023,12,12,2023-12,34
2023-12-13,47.57337636932707,2023,12,13,2023-12,34
2023-12-14,47.47685185185185,2023,12,14,2023-12,34
2023-12-15,48.54050925925926,2023,12,15,2023-12,34
2023-12-16,47.60300925925926,2023,12,16,2023-12,34
2023-12-17,47.5,2023,12,17,2023-12,34
2023-12-18,47.366898148148145,2023,12,18,2023-12,34
2023-12-19,47.73148148148149,2023,12,19,2023-12,34
2023-12-20,48.17482517482517,2023,12,20,2023-12,34
2023-12-21,47.920138888888886,2023,12,21,2023-12,34
2023-12-22,47.897435897435905,2023,12,22,2023-12,34
2023-12-23,47.92708333333332,2023,12,23,2023-12,34
2023-12-24,48.15046296296296,2023,12,24,2023-12,34
2023-12-25,48.46270396270396,2023,12,25,2023-12,34
2023-12-26,48.21212121212121,2023,12,26,2023-12,34
2023-12-27,48.43706293706294,2023,12,27,2023-12,34
2023-12-28,48.2037037037037,2023,12,28,2023-12,34
2023-12-29,48.8018648018648,2023,12,29,2023-12,34
2023-12-30,48.62384259259259,2023,12,30,2023-12,34
2023-12-31,50.04861111111111,2023,12,31,2023-12,34
2024-01-01,48.38888888888888,2024,1,1,2024-01,35
